,var,vsa,vca,initTime,solveTime,solutions,variables,propagators,propagations,nodes,failures,restarts,peakDepth
0,P,default,default,0.642124,143.81,5.0,4911.0,3667.0,55715121.0,222390.0,111180.0,0.0,88.0
1,P,anti_first_fail,indomain,0.787915,17.3448,2.0,4911.0,3667.0,4259181.0,16613.0,9088.0,0.0,75.0
2,P,anti_first_fail,indomain_max,0.795561,27.7348,7.0,4911.0,3667.0,6985594.0,25235.0,12600.0,0.0,58.0
3,P,anti_first_fail,indomain_median,0.914775,13.0522,2.0,4911.0,3667.0,3526902.0,12888.0,6440.0,0.0,76.0
4,P,anti_first_fail,indomain_min,0.792005,16.5851,2.0,4911.0,3667.0,4298015.0,15037.0,7512.0,0.0,75.0
5,P,anti_first_fail,indomain_random,0.832605,20.2603,5.0,4911.0,3667.0,4925968.0,18247.0,9119.0,0.0,77.0
6,P,anti_first_fail,indomain_reverse_split,0.881324,27.9769,6.0,4911.0,3667.0,6990891.0,25156.0,12563.0,0.0,58.0
7,P,anti_first_fail,indomain_split,0.915301,17.3407,2.0,4911.0,3667.0,4297359.0,15037.0,7512.0,0.0,75.0
8,P,anti_first_fail,indomain_split_random,0.839416,17.0776,2.0,4911.0,3667.0,4298015.0,15037.0,7512.0,0.0,75.0
9,P,dom_w_deg,indomain,0.820127,15.8307,3.0,4911.0,3667.0,3583663.0,15294.0,9105.0,0.0,74.0
10,P,dom_w_deg,indomain_max,0.804423,28.9746,7.0,4911.0,3667.0,7139309.0,28355.0,14168.0,0.0,60.0
11,P,dom_w_deg,indomain_median,0.78577,16.0829,4.0,4911.0,3667.0,4287958.0,20103.0,10048.0,0.0,103.0
12,P,dom_w_deg,indomain_min,0.810499,15.2299,3.0,4911.0,3667.0,3777337.0,13069.0,6532.0,0.0,73.0
13,P,dom_w_deg,indomain_random,0.778888,23.7133,3.0,4911.0,3667.0,5902913.0,27515.0,13755.0,0.0,67.0
14,P,dom_w_deg,indomain_reverse_split,0.873829,28.2377,7.0,4911.0,3667.0,7137294.0,28355.0,14168.0,0.0,60.0
15,P,dom_w_deg,indomain_split,0.790161,14.5959,3.0,4911.0,3667.0,3766596.0,13069.0,6532.0,0.0,73.0
16,P,dom_w_deg,indomain_split_random,0.796009,14.1903,3.0,4911.0,3667.0,3777337.0,13069.0,6532.0,0.0,73.0
17,P,first_fail,indomain,0.781021,13.6048,3.0,4911.0,3667.0,3624995.0,15968.0,10022.0,0.0,74.0
18,P,first_fail,indomain_max,0.857647,27.2889,8.0,4911.0,3667.0,7013873.0,26685.0,13330.0,0.0,55.0
19,P,first_fail,indomain_median,0.777533,13.9,3.0,4911.0,3667.0,4195964.0,21119.0,10557.0,0.0,95.0
20,P,first_fail,indomain_min,0.775996,14.2465,3.0,4911.0,3667.0,4000203.0,13699.0,6847.0,0.0,73.0
21,P,first_fail,indomain_random,0.774835,20.0685,4.0,4911.0,3667.0,5594965.0,23767.0,11880.0,0.0,72.0
22,P,first_fail,indomain_reverse_split,0.784777,27.2289,8.0,4911.0,3667.0,7011966.0,26671.0,13323.0,0.0,55.0
23,P,first_fail,indomain_split,0.776648,15.0536,3.0,4911.0,3667.0,3994785.0,13699.0,6847.0,0.0,73.0
24,P,first_fail,indomain_split_random,0.801124,14.5645,3.0,4911.0,3667.0,4000203.0,13699.0,6847.0,0.0,73.0
25,P,impact,indomain,0.789396,14.1242,2.0,4911.0,3667.0,3574309.0,14261.0,7743.0,0.0,74.0
26,P,impact,indomain_max,0.86464,23.722,7.0,4911.0,3667.0,6359332.0,23525.0,11745.0,0.0,58.0
27,P,impact,indomain_median,0.802254,16.0781,2.0,4911.0,3667.0,4294755.0,18527.0,9257.0,0.0,115.0
28,P,impact,indomain_min,0.816816,13.5174,2.0,4911.0,3667.0,3544775.0,12588.0,6290.0,0.0,76.0
29,P,impact,indomain_random,0.790062,23.8086,4.0,4911.0,3667.0,6126908.0,24126.0,12049.0,0.0,83.0
30,P,impact,indomain_reverse_split,0.807787,24.2817,5.0,4911.0,3667.0,6338050.0,23408.0,11691.0,0.0,58.0
31,P,impact,indomain_split,0.80629,14.15,2.0,4911.0,3667.0,3542511.0,12616.0,6304.0,0.0,76.0
32,P,impact,indomain_split_random,0.892618,13.363,2.0,4911.0,3667.0,3544781.0,12588.0,6290.0,0.0,76.0
33,P,input_order,indomain,0.793781,13.4902,2.0,4911.0,3667.0,3574309.0,14261.0,7743.0,0.0,74.0
34,P,input_order,indomain_max,0.789776,24.1463,7.0,4911.0,3667.0,6359332.0,23525.0,11745.0,0.0,58.0
35,P,input_order,indomain_median,0.803704,17.0562,2.0,4911.0,3667.0,4294755.0,18527.0,9257.0,0.0,115.0
36,P,input_order,indomain_min,0.862056,13.2751,2.0,4911.0,3667.0,3544781.0,12588.0,6290.0,0.0,76.0
37,P,input_order,indomain_random,0.805749,23.2856,4.0,4911.0,3667.0,6143772.0,24265.0,12118.0,0.0,83.0
38,P,input_order,indomain_reverse_split,0.779938,23.9367,5.0,4911.0,3667.0,6338050.0,23408.0,11691.0,0.0,58.0
39,P,input_order,indomain_split,0.839313,13.8837,2.0,4911.0,3667.0,3542511.0,12616.0,6304.0,0.0,76.0
40,P,input_order,indomain_split_random,0.822235,13.2384,2.0,4911.0,3667.0,3544781.0,12588.0,6290.0,0.0,76.0
41,P,largest,indomain,0.877779,17.1481,2.0,4911.0,3667.0,4259181.0,16613.0,9088.0,0.0,75.0
42,P,largest,indomain_max,0.916862,30.284,7.0,4911.0,3667.0,6985594.0,25235.0,12600.0,0.0,58.0
43,P,largest,indomain_median,0.787553,18.5117,2.0,4911.0,3667.0,4258179.0,17819.0,8901.0,0.0,122.0
44,P,largest,indomain_min,1.17095,19.5067,2.0,4911.0,3667.0,4298015.0,15037.0,7512.0,0.0,75.0
45,P,largest,indomain_random,0.844332,35.0224,6.0,4911.0,3667.0,8625684.0,36680.0,18306.0,0.0,85.0
46,P,largest,indomain_reverse_split,0.804893,26.8313,6.0,4911.0,3667.0,6990891.0,25156.0,12563.0,0.0,58.0
47,P,largest,indomain_split,0.812136,16.4855,2.0,4911.0,3667.0,4297359.0,15037.0,7512.0,0.0,75.0
48,P,largest,indomain_split_random,0.802879,16.6328,2.0,4911.0,3667.0,4298015.0,15037.0,7512.0,0.0,75.0
49,P,max_regret,indomain,0.800386,13.8354,2.0,4911.0,3667.0,3574303.0,14261.0,7743.0,0.0,74.0
50,P,max_regret,indomain_max,0.802845,23.6825,7.0,4911.0,3667.0,6359332.0,23525.0,11745.0,0.0,58.0
51,P,max_regret,indomain_median,0.802178,16.2707,2.0,4911.0,3667.0,4294755.0,18527.0,9257.0,0.0,115.0
52,P,max_regret,indomain_min,0.872007,13.3899,2.0,4911.0,3667.0,3544781.0,12588.0,6290.0,0.0,76.0
53,P,max_regret,indomain_random,0.853844,23.4152,4.0,4911.0,3667.0,6143772.0,24265.0,12118.0,0.0,83.0
54,P,max_regret,indomain_reverse_split,0.83475,24.8897,5.0,4911.0,3667.0,6338050.0,23408.0,11691.0,0.0,58.0
55,P,max_regret,indomain_split,0.811869,13.1551,2.0,4911.0,3667.0,3542505.0,12616.0,6304.0,0.0,76.0
56,P,max_regret,indomain_split_random,0.806068,13.8554,2.0,4911.0,3667.0,3544781.0,12588.0,6290.0,0.0,76.0
57,P,most_constrained,indomain,0.802906,13.3823,3.0,4911.0,3667.0,3624995.0,15968.0,10022.0,0.0,74.0
58,P,most_constrained,indomain_max,0.789028,27.0209,8.0,4911.0,3667.0,7013873.0,26685.0,13330.0,0.0,55.0
59,P,most_constrained,indomain_median,0.783855,14.3541,3.0,4911.0,3667.0,4195964.0,21119.0,10557.0,0.0,95.0
60,P,most_constrained,indomain_min,0.852434,15.2045,3.0,4911.0,3667.0,4000203.0,13699.0,6847.0,0.0,73.0
61,P,most_constrained,indomain_random,0.863749,21.3225,4.0,4911.0,3667.0,5594973.0,23767.0,11880.0,0.0,72.0
62,P,most_constrained,indomain_reverse_split,0.80656,28.5351,8.0,4911.0,3667.0,7011966.0,26671.0,13323.0,0.0,55.0
63,P,most_constrained,indomain_split,0.838103,15.2461,3.0,4911.0,3667.0,3994785.0,13699.0,6847.0,0.0,73.0
64,P,most_constrained,indomain_split_random,0.775715,14.3002,3.0,4911.0,3667.0,4000203.0,13699.0,6847.0,0.0,73.0
65,P,occurrence,indomain,0.776422,13.5409,2.0,4911.0,3667.0,3574303.0,14261.0,7743.0,0.0,74.0
66,P,occurrence,indomain_max,0.844933,25.4191,7.0,4911.0,3667.0,6359332.0,23525.0,11745.0,0.0,58.0
67,P,occurrence,indomain_median,0.807639,16.0733,2.0,4911.0,3667.0,4294755.0,18527.0,9257.0,0.0,115.0
68,P,occurrence,indomain_min,0.784204,13.9539,2.0,4911.0,3667.0,3544781.0,12588.0,6290.0,0.0,76.0
69,P,occurrence,indomain_random,0.806586,24.4547,4.0,4911.0,3667.0,6126908.0,24126.0,12049.0,0.0,83.0
70,P,occurrence,indomain_reverse_split,0.804474,23.1508,5.0,4911.0,3667.0,6338050.0,23408.0,11691.0,0.0,58.0
71,P,occurrence,indomain_split,0.786257,12.8526,2.0,4911.0,3667.0,3542505.0,12616.0,6304.0,0.0,76.0
72,P,occurrence,indomain_split_random,0.790462,12.848,2.0,4911.0,3667.0,3544775.0,12588.0,6290.0,0.0,76.0
73,P,smallest,indomain,0.783035,13.3018,2.0,4911.0,3667.0,3574309.0,14261.0,7743.0,0.0,74.0
74,P,smallest,indomain_max,0.776006,23.1456,7.0,4911.0,3667.0,6359332.0,23525.0,11745.0,0.0,58.0
75,P,smallest,indomain_median,0.783586,15.6274,2.0,4911.0,3667.0,4294755.0,18527.0,9257.0,0.0,115.0
76,P,smallest,indomain_min,0.790668,12.8638,2.0,4911.0,3667.0,3544781.0,12588.0,6290.0,0.0,76.0
77,P,smallest,indomain_random,0.785073,22.7376,4.0,4911.0,3667.0,6143772.0,24265.0,12118.0,0.0,83.0
78,P,smallest,indomain_reverse_split,0.775898,23.1662,5.0,4911.0,3667.0,6338050.0,23408.0,11691.0,0.0,58.0
79,P,smallest,indomain_split,0.779457,13.1452,2.0,4911.0,3667.0,3542511.0,12616.0,6304.0,0.0,76.0
80,P,smallest,indomain_split_random,0.800829,13.2806,2.0,4911.0,3667.0,3544781.0,12588.0,6290.0,0.0,76.0
81,X,anti_first_fail,indomain,0.783915,7.86583,7.0,4911.0,3667.0,2339489.0,3475.0,2036.0,0.0,13.0
82,X,anti_first_fail,indomain_max,0.774648,300.284,0.0,4911.0,3667.0,72300414.0,234689.0,117342.0,0.0,27.0
83,X,anti_first_fail,indomain_median,,,,,,,,,,
84,X,anti_first_fail,indomain_min,,,,,,,,,,
85,X,anti_first_fail,indomain_random,,,,,,,,,,
86,X,anti_first_fail,indomain_reverse_split,,,,,,,,,,
87,X,anti_first_fail,indomain_split,,,,,,,,,,
88,X,anti_first_fail,indomain_split_random,,,,,,,,,,
89,X,dom_w_deg,indomain,0.843517,5.63474,7.0,4911.0,3667.0,1603528.0,2541.0,1652.0,0.0,14.0
90,X,dom_w_deg,indomain_max,0.80914,5.43917,5.0,4911.0,3667.0,1507690.0,3303.0,1647.0,0.0,23.0
91,X,dom_w_deg,indomain_median,0.86795,11.9558,5.0,4911.0,3667.0,2973438.0,6871.0,3431.0,0.0,26.0
92,X,dom_w_deg,indomain_min,0.885083,6.78372,7.0,4911.0,3667.0,2072232.0,4307.0,2147.0,0.0,28.0
93,X,dom_w_deg,indomain_random,0.822326,8.45832,6.0,4911.0,3667.0,2466238.0,5095.0,2542.0,0.0,29.0
94,X,dom_w_deg,indomain_reverse_split,1.04689,12.8863,5.0,4911.0,3667.0,4545153.0,12107.0,6049.0,0.0,35.0
95,X,dom_w_deg,indomain_split,0.832662,10.1553,5.0,4911.0,3667.0,3711091.0,12411.0,6201.0,0.0,39.0
96,X,dom_w_deg,indomain_split_random,0.830955,6.64723,7.0,4911.0,3667.0,2072233.0,4307.0,2147.0,0.0,28.0
97,X,first_fail,indomain,0.810897,2.38032,9.0,4911.0,3667.0,815064.0,1562.0,969.0,0.0,14.0
98,X,first_fail,indomain_max,0.862376,2.25804,5.0,4911.0,3667.0,537160.0,1007.0,499.0,0.0,20.0
99,X,first_fail,indomain_median,0.799859,2.42692,6.0,4911.0,3667.0,721944.0,1563.0,776.0,0.0,18.0
100,X,first_fail,indomain_min,0.812694,2.76744,9.0,4911.0,3667.0,799992.0,1937.0,960.0,0.0,21.0
101,X,first_fail,indomain_random,0.819561,1.92334,4.0,4911.0,3667.0,502131.0,1065.0,529.0,0.0,20.0
102,X,first_fail,indomain_reverse_split,0.809728,2.07329,5.0,4911.0,3667.0,485407.0,1001.0,496.0,0.0,21.0
103,X,first_fail,indomain_split,0.813888,2.68649,9.0,4911.0,3667.0,781878.0,1953.0,968.0,0.0,24.0
104,X,first_fail,indomain_split_random,0.82314,2.80083,9.0,4911.0,3667.0,799992.0,1937.0,960.0,0.0,21.0
105,X,impact,indomain,0.839748,7.32063,9.0,4911.0,3667.0,1946796.0,2832.0,1739.0,0.0,13.0
106,X,impact,indomain_max,0.850889,6.006,9.0,4911.0,3667.0,1735964.0,3129.0,1556.0,0.0,20.0
107,X,impact,indomain_median,0.829058,8.1469,4.0,4911.0,3667.0,1970369.0,3347.0,1670.0,0.0,23.0
108,X,impact,indomain_min,0.844219,6.51713,9.0,4911.0,3667.0,1871108.0,3089.0,1536.0,0.0,24.0
109,X,impact,indomain_random,0.847647,7.86269,7.0,4911.0,3667.0,2005884.0,3539.0,1763.0,0.0,21.0
110,X,impact,indomain_reverse_split,0.864914,6.02424,9.0,4911.0,3667.0,1590432.0,3049.0,1516.0,0.0,21.0
111,X,impact,indomain_split,0.82382,6.70147,9.0,4911.0,3667.0,1777519.0,3423.0,1703.0,0.0,20.0
112,X,impact,indomain_split_random,0.957375,6.92241,9.0,4911.0,3667.0,1871108.0,3089.0,1536.0,0.0,24.0
113,X,input_order,indomain,0.912246,7.35331,9.0,4911.0,3667.0,1946796.0,2832.0,1739.0,0.0,13.0
114,X,input_order,indomain_max,0.921163,6.15641,9.0,4911.0,3667.0,1735964.0,3129.0,1556.0,0.0,20.0
115,X,input_order,indomain_median,0.777874,7.70019,4.0,4911.0,3667.0,1970369.0,3347.0,1670.0,0.0,23.0
116,X,input_order,indomain_min,0.950514,6.89125,9.0,4911.0,3667.0,1871108.0,3089.0,1536.0,0.0,24.0
117,X,input_order,indomain_random,0.910582,7.39625,7.0,4911.0,3667.0,2005884.0,3539.0,1763.0,0.0,21.0
118,X,input_order,indomain_reverse_split,0.824391,5.57087,9.0,4911.0,3667.0,1590432.0,3049.0,1516.0,0.0,21.0
119,X,input_order,indomain_split,0.984773,6.91501,9.0,4911.0,3667.0,1777519.0,3423.0,1703.0,0.0,20.0
120,X,input_order,indomain_split_random,0.817488,6.64707,9.0,4911.0,3667.0,1871108.0,3089.0,1536.0,0.0,24.0
121,X,largest,indomain,0.859447,8.68504,6.0,4911.0,3667.0,2381340.0,3511.0,2059.0,0.0,13.0
122,X,largest,indomain_max,,,,,,,,,,
123,X,largest,indomain_median,0.922252,8.91078,3.0,4911.0,3667.0,2393208.0,3883.0,1939.0,0.0,21.0
124,X,largest,indomain_min,0.938612,9.12365,6.0,4911.0,3667.0,2649046.0,4795.0,2392.0,0.0,22.0
125,X,largest,indomain_random,0.844412,14.8966,6.0,4911.0,3667.0,4038802.0,7531.0,3760.0,0.0,25.0
126,X,largest,indomain_reverse_split,,,,,,,,,,
127,X,largest,indomain_split,,,,,,,,,,
128,X,largest,indomain_split_random,0.801275,8.615,6.0,4911.0,3667.0,2649046.0,4795.0,2392.0,0.0,22.0
129,X,max_regret,indomain,0.790888,4.23152,9.0,4911.0,3667.0,1317333.0,2187.0,1385.0,0.0,14.0
130,X,max_regret,indomain_max,0.799203,3.81868,9.0,4911.0,3667.0,1071148.0,2097.0,1040.0,0.0,23.0
131,X,max_regret,indomain_median,0.793417,4.86175,4.0,4911.0,3667.0,1382531.0,2691.0,1342.0,0.0,24.0
132,X,max_regret,indomain_min,,,,,,,,,,
133,X,max_regret,indomain_random,0.785448,5.74546,11.0,4911.0,3667.0,1676744.0,3265.0,1622.0,0.0,27.0
134,X,max_regret,indomain_reverse_split,0.796402,300.282,0.0,4911.0,3667.0,101320365.0,539215.0,269590.0,0.0,59.0
135,X,max_regret,indomain_split,0.783895,234.94,5.0,4911.0,3667.0,56131318.0,379497.0,189742.0,0.0,22.0
136,X,max_regret,indomain_split_random,,,,,,,,,,
137,X,most_constrained,indomain,0.774694,2.22472,9.0,4911.0,3667.0,815064.0,1562.0,969.0,0.0,14.0
138,X,most_constrained,indomain_max,0.9628,2.0891,5.0,4911.0,3667.0,537160.0,1007.0,499.0,0.0,20.0
139,X,most_constrained,indomain_median,0.780198,2.31865,6.0,4911.0,3667.0,721944.0,1563.0,776.0,0.0,18.0
140,X,most_constrained,indomain_min,0.779473,2.68699,9.0,4911.0,3667.0,799992.0,1937.0,960.0,0.0,21.0
141,X,most_constrained,indomain_random,0.77855,1.85022,4.0,4911.0,3667.0,502131.0,1065.0,529.0,0.0,20.0
142,X,most_constrained,indomain_reverse_split,0.780008,1.98802,5.0,4911.0,3667.0,485407.0,1001.0,496.0,0.0,21.0
143,X,most_constrained,indomain_split,0.78499,2.61319,9.0,4911.0,3667.0,781878.0,1953.0,968.0,0.0,24.0
144,X,most_constrained,indomain_split_random,0.778506,2.68262,9.0,4911.0,3667.0,799992.0,1937.0,960.0,0.0,21.0
145,X,occurrence,indomain,0.778644,7.76529,7.0,4911.0,3667.0,2339489.0,3475.0,2036.0,0.0,13.0
146,X,occurrence,indomain_max,,,,,,,,,,
147,X,occurrence,indomain_median,0.779082,4112.89,0.0,4911.0,3667.0,27632565.0,79560.0,39777.0,0.0,31.0
148,X,occurrence,indomain_min,,,,,,,,,,
149,X,occurrence,indomain_random,0.779509,300.283,0.0,4911.0,3667.0,57469888.0,141510.0,70750.0,0.0,54.0
150,X,occurrence,indomain_reverse_split,0.799912,300.288,0.0,4911.0,3667.0,90292380.0,208567.0,104256.0,0.0,82.0
151,X,occurrence,indomain_split,,,,,,,,,,
152,X,occurrence,indomain_split_random,,,,,,,,,,
153,X,smallest,indomain,0.790073,8.12929,9.0,4911.0,3667.0,1946796.0,2832.0,1739.0,0.0,13.0
154,X,smallest,indomain_max,0.917648,6.6912,9.0,4911.0,3667.0,1735964.0,3129.0,1556.0,0.0,20.0
155,X,smallest,indomain_median,0.803357,8.23496,4.0,4911.0,3667.0,1970369.0,3347.0,1670.0,0.0,23.0
156,X,smallest,indomain_min,,,,,,,,,,
157,X,smallest,indomain_random,1.34328,148.845,8.0,4911.0,3667.0,21753111.0,52300.0,26142.0,0.0,36.0
158,X,smallest,indomain_reverse_split,,,,,,,,,,
159,X,smallest,indomain_split,,,,,,,,,,
160,X,smallest,indomain_split_random,,,,,,,,,,
161,distances,anti_first_fail,indomain,,,,,,,,,,
162,distances,anti_first_fail,indomain_max,,,,,,,,,,
163,distances,anti_first_fail,indomain_median,,,,,,,,,,
164,distances,anti_first_fail,indomain_min,,,,,,,,,,
165,distances,anti_first_fail,indomain_random,,,,,,,,,,
166,distances,anti_first_fail,indomain_reverse_split,,,,,,,,,,
167,distances,anti_first_fail,indomain_split,,,,,,,,,,
168,distances,anti_first_fail,indomain_split_random,,,,,,,,,,
169,distances,dom_w_deg,indomain,,,,,,,,,,
170,distances,dom_w_deg,indomain_max,,,,,,,,,,
171,distances,dom_w_deg,indomain_median,,,,,,,,,,
172,distances,dom_w_deg,indomain_min,,,,,,,,,,
173,distances,dom_w_deg,indomain_random,,,,,,,,,,
174,distances,dom_w_deg,indomain_reverse_split,0.793522,300.284,0.0,4911.0,3667.0,168016864.0,1095787.0,547877.0,0.0,56.0
175,distances,dom_w_deg,indomain_split,,,,,,,,,,
176,distances,dom_w_deg,indomain_split_random,,,,,,,,,,
177,distances,first_fail,indomain,0.774366,300.282,0.0,4911.0,3667.0,78825335.0,289302.0,157107.0,0.0,47.0
178,distances,first_fail,indomain_max,,,,,,,,,,
179,distances,first_fail,indomain_median,,,,,,,,,,
180,distances,first_fail,indomain_min,0.778862,300.283,0.0,4911.0,3667.0,58330708.0,292045.0,146006.0,0.0,47.0
181,distances,first_fail,indomain_random,,,,,,,,,,
182,distances,first_fail,indomain_reverse_split,,,,,,,,,,
183,distances,first_fail,indomain_split,,,,,,,,,,
184,distances,first_fail,indomain_split_random,0.778949,300.281,0.0,4911.0,3667.0,58041582.0,290576.0,145274.0,0.0,47.0
185,distances,impact,indomain,0.779671,300.281,0.0,4911.0,3667.0,78750975.0,289041.0,156956.0,0.0,47.0
186,distances,impact,indomain_max,0.779534,300.284,0.0,4911.0,3667.0,122554104.0,682033.0,341012.0,0.0,28.0
187,distances,impact,indomain_median,,,,,,,,,,
188,distances,impact,indomain_min,,,,,,,,,,
189,distances,impact,indomain_random,,,,,,,,,,
190,distances,impact,indomain_reverse_split,,,,,,,,,,
191,distances,impact,indomain_split,0.785591,300.285,0.0,4911.0,3667.0,59698326.0,295567.0,147721.0,0.0,159.0
192,distances,impact,indomain_split_random,,,,,,,,,,
193,distances,input_order,indomain,0.775485,300.281,0.0,4911.0,3667.0,78710868.0,288893.0,156880.0,0.0,47.0
194,distances,input_order,indomain_max,,,,,,,,,,
195,distances,input_order,indomain_median,,,,,,,,,,
196,distances,input_order,indomain_min,,,,,,,,,,
197,distances,input_order,indomain_random,,,,,,,,,,
198,distances,input_order,indomain_reverse_split,,,,,,,,,,
199,distances,input_order,indomain_split,0.784804,300.285,0.0,4911.0,3667.0,59960388.0,296863.0,148370.0,0.0,159.0
200,distances,input_order,indomain_split_random,0.779122,300.28,0.0,4911.0,3667.0,57998945.0,290364.0,145165.0,0.0,47.0
201,distances,largest,indomain,0.779838,300.282,0.0,4911.0,3667.0,78646967.0,288657.0,156754.0,0.0,47.0
202,distances,largest,indomain_max,,,,,,,,,,
203,distances,largest,indomain_median,,,,,,,,,,
204,distances,largest,indomain_min,,,,,,,,,,
205,distances,largest,indomain_random,0.804099,300.284,0.0,4911.0,3667.0,176589646.0,1079485.0,539737.0,0.0,45.0
206,distances,largest,indomain_reverse_split,0.786433,300.285,0.0,4911.0,3667.0,138142945.0,875855.0,437912.0,0.0,58.0
207,distances,largest,indomain_split,,,,,,,,,,
208,distances,largest,indomain_split_random,,,,,,,,,,
209,distances,max_regret,indomain,,,,,,,,,,
210,distances,max_regret,indomain_max,0.779912,300.283,0.0,4911.0,3667.0,122581906.0,682177.0,341083.0,0.0,28.0
211,distances,max_regret,indomain_median,0.782469,300.281,0.0,4911.0,3667.0,125347164.0,685808.0,342898.0,0.0,35.0
212,distances,max_regret,indomain_min,0.784803,300.286,0.0,4911.0,3667.0,58137483.0,291059.0,145516.0,0.0,47.0
213,distances,max_regret,indomain_random,,,,,,,,,,
214,distances,max_regret,indomain_reverse_split,0.778035,300.282,0.0,4911.0,3667.0,168841017.0,1100705.0,550333.0,0.0,56.0
215,distances,max_regret,indomain_split,,,,,,,,,,
216,distances,max_regret,indomain_split_random,0.771966,300.28,0.0,4911.0,3667.0,58003207.0,290384.0,145176.0,0.0,47.0
217,distances,most_constrained,indomain,,,,,,,,,,
218,distances,most_constrained,indomain_max,0.780086,300.28,0.0,4911.0,3667.0,122561020.0,682102.0,341046.0,0.0,28.0
219,distances,most_constrained,indomain_median,0.776161,300.28,0.0,4911.0,3667.0,125417714.0,686158.0,343073.0,0.0,35.0
220,distances,most_constrained,indomain_min,,,,,,,,,,
221,distances,most_constrained,indomain_random,0.782276,300.283,0.0,4911.0,3667.0,151247492.0,868471.0,434230.0,0.0,40.0
222,distances,most_constrained,indomain_reverse_split,0.778918,300.282,0.0,4911.0,3667.0,169118752.0,1102377.0,551173.0,0.0,56.0
223,distances,most_constrained,indomain_split,0.779018,300.281,0.0,4911.0,3667.0,59560469.0,294882.0,147376.0,0.0,159.0
224,distances,most_constrained,indomain_split_random,,,,,,,,,,
225,distances,occurrence,indomain,,,,,,,,,,
226,distances,occurrence,indomain_max,0.775954,300.28,0.0,4911.0,3667.0,122638420.0,682475.0,341233.0,0.0,28.0
227,distances,occurrence,indomain_median,0.791942,300.283,0.0,4911.0,3667.0,125290514.0,685562.0,342776.0,0.0,35.0
228,distances,occurrence,indomain_min,,,,,,,,,,
229,distances,occurrence,indomain_random,,,,,,,,,,
230,distances,occurrence,indomain_reverse_split,0.780422,300.282,0.0,4911.0,3667.0,231875438.0,1711503.0,855731.0,0.0,53.0
231,distances,occurrence,indomain_split,0.777285,300.281,0.0,4911.0,3667.0,56804943.0,290656.0,145260.0,0.0,159.0
232,distances,occurrence,indomain_split_random,0.775722,300.281,0.0,4911.0,3667.0,57008844.0,291391.0,145682.0,0.0,47.0
233,distances,smallest,indomain,0.77849,300.284,0.0,4911.0,3667.0,79215195.0,290728.0,157879.0,0.0,47.0
234,distances,smallest,indomain_max,,,,,,,,,,
235,distances,smallest,indomain_median,,,,,,,,,,
236,distances,smallest,indomain_min,0.778296,300.278,0.0,4911.0,3667.0,58062924.0,293390.0,146680.0,0.0,47.0
237,distances,smallest,indomain_random,0.773353,300.282,0.0,4911.0,3667.0,208998523.0,1355254.0,677621.0,0.0,41.0
238,distances,smallest,indomain_reverse_split,0.779881,300.28,0.0,4911.0,3667.0,234940517.0,1731109.0,865537.0,0.0,56.0
239,distances,smallest,indomain_split,0.780481,300.283,0.0,4911.0,3667.0,57418540.0,293148.0,146511.0,0.0,159.0
240,distances,smallest,indomain_split_random,,,,,,,,,,
241,scheduling,anti_first_fail,indomain,0.778698,12.6956,2.0,4911.0,3667.0,3537470.0,12641.0,6316.0,0.0,76.0
242,scheduling,anti_first_fail,indomain_max,0.773431,23.0391,7.0,4911.0,3667.0,6358086.0,23525.0,11745.0,0.0,58.0
243,scheduling,anti_first_fail,indomain_median,0.779301,12.7106,2.0,4911.0,3667.0,3537464.0,12641.0,6316.0,0.0,76.0
244,scheduling,anti_first_fail,indomain_min,0.779673,12.6898,2.0,4911.0,3667.0,3537470.0,12641.0,6316.0,0.0,76.0
245,scheduling,anti_first_fail,indomain_random,0.778462,17.1852,4.0,4911.0,3667.0,4504466.0,18397.0,9188.0,0.0,74.0
246,scheduling,anti_first_fail,indomain_reverse_split,0.862608,22.9885,7.0,4911.0,3667.0,6377033.0,23651.0,11808.0,0.0,58.0
247,scheduling,anti_first_fail,indomain_split,0.778844,12.7328,2.0,4911.0,3667.0,3537470.0,12641.0,6316.0,0.0,76.0
248,scheduling,anti_first_fail,indomain_split_random,0.779406,12.8246,2.0,4911.0,3667.0,3537677.0,12641.0,6316.0,0.0,76.0
249,scheduling,dom_w_deg,indomain,0.771381,12.785,2.0,4911.0,3667.0,3537470.0,12641.0,6316.0,0.0,76.0
250,scheduling,dom_w_deg,indomain_max,0.776211,23.284,7.0,4911.0,3667.0,6358086.0,23525.0,11745.0,0.0,58.0
251,scheduling,dom_w_deg,indomain_median,0.788065,12.794,2.0,4911.0,3667.0,3537470.0,12641.0,6316.0,0.0,76.0
252,scheduling,dom_w_deg,indomain_min,0.778357,12.7637,2.0,4911.0,3667.0,3537470.0,12641.0,6316.0,0.0,76.0
253,scheduling,dom_w_deg,indomain_random,0.771927,16.5762,4.0,4911.0,3667.0,4302726.0,17697.0,8838.0,0.0,74.0
254,scheduling,dom_w_deg,indomain_reverse_split,0.786761,22.7541,7.0,4911.0,3667.0,6358086.0,23525.0,11745.0,0.0,58.0
255,scheduling,dom_w_deg,indomain_split,0.780178,12.6825,2.0,4911.0,3667.0,3537470.0,12641.0,6316.0,0.0,76.0
256,scheduling,dom_w_deg,indomain_split_random,0.779941,12.6824,2.0,4911.0,3667.0,3537470.0,12641.0,6316.0,0.0,76.0
257,scheduling,first_fail,indomain,0.775774,12.7249,2.0,4911.0,3667.0,3537241.0,12641.0,6316.0,0.0,76.0
258,scheduling,first_fail,indomain_max,0.779366,22.9217,7.0,4911.0,3667.0,6358086.0,23525.0,11745.0,0.0,58.0
259,scheduling,first_fail,indomain_median,0.788111,12.7855,2.0,4911.0,3667.0,3537470.0,12641.0,6316.0,0.0,76.0
260,scheduling,first_fail,indomain_min,0.796398,12.7471,2.0,4911.0,3667.0,3537470.0,12641.0,6316.0,0.0,76.0
261,scheduling,first_fail,indomain_random,0.7806,16.9808,4.0,4911.0,3667.0,4504466.0,18397.0,9188.0,0.0,74.0
262,scheduling,first_fail,indomain_reverse_split,0.772709,22.9739,7.0,4911.0,3667.0,6358086.0,23525.0,11745.0,0.0,58.0
263,scheduling,first_fail,indomain_split,0.77913,12.7582,2.0,4911.0,3667.0,3537470.0,12641.0,6316.0,0.0,76.0
264,scheduling,first_fail,indomain_split_random,0.780349,12.8072,2.0,4911.0,3667.0,3537470.0,12641.0,6316.0,0.0,76.0
265,scheduling,impact,indomain,0.778063,12.7886,2.0,4911.0,3667.0,3537470.0,12641.0,6316.0,0.0,76.0
266,scheduling,impact,indomain_max,0.778574,23.0967,7.0,4911.0,3667.0,6358086.0,23525.0,11745.0,0.0,58.0
267,scheduling,impact,indomain_median,0.77981,12.7068,2.0,4911.0,3667.0,3537470.0,12641.0,6316.0,0.0,76.0
268,scheduling,impact,indomain_min,0.781547,12.7203,2.0,4911.0,3667.0,3537470.0,12641.0,6316.0,0.0,76.0
269,scheduling,impact,indomain_random,0.777944,17.0549,4.0,4911.0,3667.0,4504466.0,18397.0,9188.0,0.0,74.0
270,scheduling,impact,indomain_reverse_split,0.779658,22.7989,7.0,4911.0,3667.0,6358086.0,23525.0,11745.0,0.0,58.0
271,scheduling,impact,indomain_split,0.778831,12.7247,2.0,4911.0,3667.0,3537470.0,12641.0,6316.0,0.0,76.0
272,scheduling,impact,indomain_split_random,0.78532,12.7752,2.0,4911.0,3667.0,3537470.0,12641.0,6316.0,0.0,76.0
273,scheduling,input_order,indomain,0.802536,12.7906,2.0,4911.0,3667.0,3537470.0,12641.0,6316.0,0.0,76.0
274,scheduling,input_order,indomain_max,0.776563,23.0223,7.0,4911.0,3667.0,6358086.0,23525.0,11745.0,0.0,58.0
275,scheduling,input_order,indomain_median,0.778331,12.7874,2.0,4911.0,3667.0,3537464.0,12641.0,6316.0,0.0,76.0
276,scheduling,input_order,indomain_min,0.778809,12.7915,2.0,4911.0,3667.0,3537470.0,12641.0,6316.0,0.0,76.0
277,scheduling,input_order,indomain_random,0.77692,17.1051,4.0,4911.0,3667.0,4504466.0,18397.0,9188.0,0.0,74.0
278,scheduling,input_order,indomain_reverse_split,0.782485,23.1234,7.0,4911.0,3667.0,6358086.0,23525.0,11745.0,0.0,58.0
279,scheduling,input_order,indomain_split,0.777496,12.7354,2.0,4911.0,3667.0,3537470.0,12641.0,6316.0,0.0,76.0
280,scheduling,input_order,indomain_split_random,0.781955,12.6963,2.0,4911.0,3667.0,3537470.0,12641.0,6316.0,0.0,76.0
281,scheduling,largest,indomain,0.778815,12.7822,2.0,4911.0,3667.0,3537464.0,12641.0,6316.0,0.0,76.0
282,scheduling,largest,indomain_max,0.777169,22.9778,7.0,4911.0,3667.0,6358086.0,23525.0,11745.0,0.0,58.0
283,scheduling,largest,indomain_median,0.779488,12.6892,2.0,4911.0,3667.0,3537470.0,12641.0,6316.0,0.0,76.0
284,scheduling,largest,indomain_min,0.773703,12.751,2.0,4911.0,3667.0,3537470.0,12641.0,6316.0,0.0,76.0
285,scheduling,largest,indomain_random,0.77992,16.9115,4.0,4911.0,3667.0,4504466.0,18397.0,9188.0,0.0,74.0
286,scheduling,largest,indomain_reverse_split,0.799383,22.9675,7.0,4911.0,3667.0,6358086.0,23525.0,11745.0,0.0,58.0
287,scheduling,largest,indomain_split,0.779123,12.7299,2.0,4911.0,3667.0,3537470.0,12641.0,6316.0,0.0,76.0
288,scheduling,largest,indomain_split_random,0.781287,12.7056,2.0,4911.0,3667.0,3537470.0,12641.0,6316.0,0.0,76.0
289,scheduling,max_regret,indomain,0.77798,12.756,2.0,4911.0,3667.0,3537470.0,12641.0,6316.0,0.0,76.0
290,scheduling,max_regret,indomain_max,0.775594,22.9741,7.0,4911.0,3667.0,6358086.0,23525.0,11745.0,0.0,58.0
291,scheduling,max_regret,indomain_median,0.771707,12.7745,2.0,4911.0,3667.0,3537464.0,12641.0,6316.0,0.0,76.0
292,scheduling,max_regret,indomain_min,0.773236,12.8264,2.0,4911.0,3667.0,3537470.0,12641.0,6316.0,0.0,76.0
293,scheduling,max_regret,indomain_random,0.779759,17.2834,4.0,4911.0,3667.0,4504466.0,18397.0,9188.0,0.0,74.0
294,scheduling,max_regret,indomain_reverse_split,0.781634,22.8704,7.0,4911.0,3667.0,6358086.0,23525.0,11745.0,0.0,58.0
295,scheduling,max_regret,indomain_split,0.777981,12.631,2.0,4911.0,3667.0,3537464.0,12641.0,6316.0,0.0,76.0
296,scheduling,max_regret,indomain_split_random,0.774796,12.7352,2.0,4911.0,3667.0,3537470.0,12641.0,6316.0,0.0,76.0
297,scheduling,most_constrained,indomain,0.777956,12.7618,2.0,4911.0,3667.0,3537470.0,12641.0,6316.0,0.0,76.0
298,scheduling,most_constrained,indomain_max,0.775386,22.9044,7.0,4911.0,3667.0,6358086.0,23525.0,11745.0,0.0,58.0
299,scheduling,most_constrained,indomain_median,0.775757,12.8703,2.0,4911.0,3667.0,3537464.0,12641.0,6316.0,0.0,76.0
300,scheduling,most_constrained,indomain_min,0.775089,12.7905,2.0,4911.0,3667.0,3537470.0,12641.0,6316.0,0.0,76.0
301,scheduling,most_constrained,indomain_random,0.776336,17.0887,4.0,4911.0,3667.0,4504466.0,18397.0,9188.0,0.0,74.0
302,scheduling,most_constrained,indomain_reverse_split,0.772236,22.9856,7.0,4911.0,3667.0,6358626.0,23525.0,11745.0,0.0,58.0
303,scheduling,most_constrained,indomain_split,0.790202,12.7924,2.0,4911.0,3667.0,3537470.0,12641.0,6316.0,0.0,76.0
304,scheduling,most_constrained,indomain_split_random,0.777291,12.7648,2.0,4911.0,3667.0,3537677.0,12641.0,6316.0,0.0,76.0
305,scheduling,occurrence,indomain,0.779211,12.8326,2.0,4911.0,3667.0,3537470.0,12641.0,6316.0,0.0,76.0
306,scheduling,occurrence,indomain_max,0.777075,22.7944,7.0,4911.0,3667.0,6358086.0,23525.0,11745.0,0.0,58.0
307,scheduling,occurrence,indomain_median,0.779074,12.6896,2.0,4911.0,3667.0,3537470.0,12641.0,6316.0,0.0,76.0
308,scheduling,occurrence,indomain_min,0.779363,12.649,2.0,4911.0,3667.0,3537464.0,12641.0,6316.0,0.0,76.0
309,scheduling,occurrence,indomain_random,0.771527,17.0127,4.0,4911.0,3667.0,4504466.0,18397.0,9188.0,0.0,74.0
310,scheduling,occurrence,indomain_reverse_split,0.784238,22.9045,7.0,4911.0,3667.0,6358086.0,23525.0,11745.0,0.0,58.0
311,scheduling,occurrence,indomain_split,0.778463,12.7668,2.0,4911.0,3667.0,3537470.0,12641.0,6316.0,0.0,76.0
312,scheduling,occurrence,indomain_split_random,0.777207,12.7948,2.0,4911.0,3667.0,3537464.0,12641.0,6316.0,0.0,76.0
313,scheduling,smallest,indomain,0.776035,12.7961,2.0,4911.0,3667.0,3537470.0,12641.0,6316.0,0.0,76.0
314,scheduling,smallest,indomain_max,0.778692,23.0328,7.0,4911.0,3667.0,6358086.0,23525.0,11745.0,0.0,58.0
315,scheduling,smallest,indomain_median,0.777814,12.8116,2.0,4911.0,3667.0,3537470.0,12641.0,6316.0,0.0,76.0
316,scheduling,smallest,indomain_min,0.775319,12.7411,2.0,4911.0,3667.0,3537470.0,12641.0,6316.0,0.0,76.0
317,scheduling,smallest,indomain_random,0.780129,16.97,4.0,4911.0,3667.0,4504466.0,18397.0,9188.0,0.0,74.0
318,scheduling,smallest,indomain_reverse_split,0.778777,22.9401,7.0,4911.0,3667.0,6358086.0,23525.0,11745.0,0.0,58.0
319,scheduling,smallest,indomain_split,0.774834,12.748,2.0,4911.0,3667.0,3537470.0,12641.0,6316.0,0.0,76.0
320,scheduling,smallest,indomain_split_random,0.781542,12.7798,2.0,4911.0,3667.0,3537470.0,12641.0,6316.0,0.0,76.0
321,ea,anti_first_fail,indomain,,,,,,,,,,
322,ea,anti_first_fail,indomain_max,0.77548,300.279,0.0,4911.0,3667.0,57839592.0,314779.0,157383.0,0.0,30.0
323,ea,anti_first_fail,indomain_median,0.775772,300.279,0.0,4911.0,3667.0,82820478.0,335151.0,167568.0,0.0,47.0
324,ea,anti_first_fail,indomain_min,0.776237,300.279,0.0,4911.0,3667.0,59140428.0,317253.0,158621.0,0.0,49.0
325,ea,anti_first_fail,indomain_random,,,,,,,,,,
326,ea,anti_first_fail,indomain_reverse_split,,,,,,,,,,
327,ea,anti_first_fail,indomain_split,0.779464,300.28,0.0,4911.0,3667.0,60353064.0,296094.0,148019.0,0.0,88.0
328,ea,anti_first_fail,indomain_split_random,,,,,,,,,,
329,ea,dom_w_deg,indomain,0.775389,300.282,0.0,4911.0,3667.0,63548041.0,306985.0,160511.0,0.0,48.0
330,ea,dom_w_deg,indomain_max,0.777503,300.279,0.0,4911.0,3667.0,58233310.0,316601.0,158293.0,0.0,30.0
331,ea,dom_w_deg,indomain_median,,,,,,,,,,
332,ea,dom_w_deg,indomain_min,0.779673,300.281,0.0,4911.0,3667.0,62755057.0,315099.0,157545.0,0.0,49.0
333,ea,dom_w_deg,indomain_random,0.777916,300.278,0.0,4911.0,3667.0,80091150.0,335269.0,167628.0,0.0,48.0
334,ea,dom_w_deg,indomain_reverse_split,0.779418,300.279,0.0,4911.0,3667.0,58538125.0,316912.0,158434.0,0.0,60.0
335,ea,dom_w_deg,indomain_split,0.775936,300.282,0.0,4911.0,3667.0,58890693.0,317369.0,158659.0,0.0,88.0
336,ea,dom_w_deg,indomain_split_random,,,,,,,,,,
337,ea,first_fail,indomain,,,,,,,,,,
338,ea,first_fail,indomain_max,0.78146,300.279,0.0,4911.0,3667.0,56448276.0,306894.0,153438.0,0.0,30.0
339,ea,first_fail,indomain_median,,,,,,,,,,
340,ea,first_fail,indomain_min,0.77685,300.279,0.0,4911.0,3667.0,62332085.0,312964.0,156477.0,0.0,49.0
341,ea,first_fail,indomain_random,0.779914,300.277,0.0,4911.0,3667.0,87172965.0,344562.0,172275.0,0.0,48.0
342,ea,first_fail,indomain_reverse_split,0.777328,300.281,0.0,4911.0,3667.0,57952565.0,313738.0,156847.0,0.0,60.0
343,ea,first_fail,indomain_split,0.770659,300.281,0.0,4911.0,3667.0,58400255.0,314726.0,157339.0,0.0,88.0
344,ea,first_fail,indomain_split_random,0.775924,300.283,0.0,4911.0,3667.0,62558549.0,314107.0,157048.0,0.0,49.0
345,ea,impact,indomain,0.779783,300.281,0.0,4911.0,3667.0,63011985.0,304394.0,159154.0,0.0,48.0
346,ea,impact,indomain_max,0.779069,300.28,0.0,4911.0,3667.0,57786135.0,314165.0,157077.0,0.0,30.0
347,ea,impact,indomain_median,,,,,,,,,,
348,ea,impact,indomain_min,,,,,,,,,,
349,ea,impact,indomain_random,0.779015,300.283,0.0,4911.0,3667.0,86471824.0,341805.0,170898.0,0.0,48.0
350,ea,impact,indomain_reverse_split,0.779164,300.279,0.0,4911.0,3667.0,58512429.0,316758.0,158363.0,0.0,60.0
351,ea,impact,indomain_split,,,,,,,,,,
352,ea,impact,indomain_split_random,,,,,,,,,,
353,ea,input_order,indomain,,,,,,,,,,
354,ea,input_order,indomain_max,0.779852,300.279,0.0,4911.0,3667.0,58252650.0,316700.0,158344.0,0.0,30.0
355,ea,input_order,indomain_median,,,,,,,,,,
356,ea,input_order,indomain_min,,,,,,,,,,
357,ea,input_order,indomain_random,0.774476,300.281,0.0,4911.0,3667.0,86491968.0,341893.0,170939.0,0.0,48.0
358,ea,input_order,indomain_reverse_split,,,,,,,,,,
359,ea,input_order,indomain_split,,,,,,,,,,
360,ea,input_order,indomain_split_random,0.778003,300.28,0.0,4911.0,3667.0,62933029.0,315998.0,157993.0,0.0,49.0
361,ea,largest,indomain,0.780123,300.279,0.0,4911.0,3667.0,60073795.0,291977.0,149412.0,0.0,48.0
362,ea,largest,indomain_max,,,,,,,,,,
363,ea,largest,indomain_median,0.78031,300.28,0.0,4911.0,3667.0,57549575.0,302914.0,151447.0,0.0,47.0
364,ea,largest,indomain_min,,,,,,,,,,
365,ea,largest,indomain_random,,,,,,,,,,
366,ea,largest,indomain_reverse_split,0.781863,300.286,0.0,4911.0,3667.0,57483187.0,312097.0,156031.0,0.0,60.0
367,ea,largest,indomain_split,0.779285,300.28,0.0,4911.0,3667.0,60464740.0,298641.0,149293.0,0.0,88.0
368,ea,largest,indomain_split_random,0.778908,300.279,0.0,4911.0,3667.0,60076946.0,297224.0,148600.0,0.0,49.0
369,ea,max_regret,indomain,0.776403,300.282,0.0,4911.0,3667.0,63036894.0,304522.0,159222.0,0.0,48.0
370,ea,max_regret,indomain_max,,,,,,,,,,
371,ea,max_regret,indomain_median,,,,,,,,,,
372,ea,max_regret,indomain_min,0.786642,300.284,0.0,4911.0,3667.0,61988153.0,311264.0,155624.0,0.0,49.0
373,ea,max_regret,indomain_random,0.79424,300.284,0.0,4911.0,3667.0,83908450.0,331670.0,165828.0,0.0,48.0
374,ea,max_regret,indomain_reverse_split,0.791015,300.283,0.0,4911.0,3667.0,57162698.0,309457.0,154710.0,0.0,60.0
375,ea,max_regret,indomain_split,,,,,,,,,,
376,ea,max_regret,indomain_split_random,0.779382,300.283,0.0,4911.0,3667.0,62122991.0,311931.0,155961.0,0.0,49.0
377,ea,most_constrained,indomain,0.780359,300.282,0.0,4911.0,3667.0,63118823.0,304900.0,159419.0,0.0,48.0
378,ea,most_constrained,indomain_max,0.794801,300.284,0.0,4911.0,3667.0,58035045.0,315524.0,157754.0,0.0,30.0
379,ea,most_constrained,indomain_median,0.775203,300.281,0.0,4911.0,3667.0,86094692.0,340659.0,170324.0,0.0,47.0
380,ea,most_constrained,indomain_min,,,,,,,,,,
381,ea,most_constrained,indomain_random,,,,,,,,,,
382,ea,most_constrained,indomain_reverse_split,,,,,,,,,,
383,ea,most_constrained,indomain_split,,,,,,,,,,
384,ea,most_constrained,indomain_split_random,0.780163,300.284,0.0,4911.0,3667.0,57921130.0,290830.0,145409.0,0.0,49.0
385,ea,occurrence,indomain,,,,,,,,,,
386,ea,occurrence,indomain_max,,,,,,,,,,
387,ea,occurrence,indomain_median,,,,,,,,,,
388,ea,occurrence,indomain_min,,,,,,,,,,
389,ea,occurrence,indomain_random,,,,,,,,,,
390,ea,occurrence,indomain_reverse_split,,,,,,,,,,
391,ea,occurrence,indomain_split,,,,,,,,,,
392,ea,occurrence,indomain_split_random,,,,,,,,,,
393,ea,smallest,indomain,,,,,,,,,,
394,ea,smallest,indomain_max,0.786814,300.281,0.0,4911.0,3667.0,59085853.0,311573.0,155782.0,0.0,41.0
395,ea,smallest,indomain_median,0.808832,300.288,0.0,4911.0,3667.0,74599935.0,313910.0,156949.0,0.0,63.0
396,ea,smallest,indomain_min,,,,,,,,,,
397,ea,smallest,indomain_random,,,,,,,,,,
398,ea,smallest,indomain_reverse_split,,,,,,,,,,
399,ea,smallest,indomain_split,,,,,,,,,,
400,ea,smallest,indomain_split_random,,,,,,,,,,
401,pizzas_carried,anti_first_fail,indomain,0.799663,35.4103,3.0,4911.0,3667.0,12167545.0,49480.0,33130.0,0.0,59.0
402,pizzas_carried,anti_first_fail,indomain_max,0.783059,51.808,5.0,4911.0,3667.0,19358067.0,80981.0,40478.0,0.0,55.0
403,pizzas_carried,anti_first_fail,indomain_median,0.869946,58.1633,6.0,4911.0,3667.0,24249238.0,136935.0,68444.0,0.0,67.0
404,pizzas_carried,anti_first_fail,indomain_min,0.801912,42.3149,7.0,4911.0,3667.0,15566892.0,78381.0,39171.0,0.0,57.0
405,pizzas_carried,anti_first_fail,indomain_random,0.791481,41.8056,6.0,4911.0,3667.0,14038288.0,59789.0,29879.0,0.0,62.0
406,pizzas_carried,anti_first_fail,indomain_reverse_split,0.797492,30.6227,3.0,4911.0,3667.0,10616832.0,46819.0,23407.0,0.0,69.0
407,pizzas_carried,anti_first_fail,indomain_split,0.7801,26.5808,3.0,4911.0,3667.0,7748423.0,32596.0,16285.0,0.0,63.0
408,pizzas_carried,anti_first_fail,indomain_split_random,0.78516,46.9511,7.0,4911.0,3667.0,15565590.0,78381.0,39171.0,0.0,57.0
409,pizzas_carried,dom_w_deg,indomain,0.884977,26.5175,4.0,4911.0,3667.0,8030848.0,29386.0,15979.0,0.0,55.0
410,pizzas_carried,dom_w_deg,indomain_max,0.976487,32.979,3.0,4911.0,3667.0,11072374.0,50523.0,25259.0,0.0,86.0
411,pizzas_carried,dom_w_deg,indomain_median,0.88522,41.3292,4.0,4911.0,3667.0,12144821.0,50834.0,25407.0,0.0,53.0
412,pizzas_carried,dom_w_deg,indomain_min,0.840031,36.8968,4.0,4911.0,3667.0,13580677.0,64687.0,32337.0,0.0,69.0
413,pizzas_carried,dom_w_deg,indomain_random,0.854913,24.9477,3.0,4911.0,3667.0,7183020.0,30815.0,15405.0,0.0,70.0
414,pizzas_carried,dom_w_deg,indomain_reverse_split,0.788476,44.712,6.0,4911.0,3667.0,13671571.0,60456.0,30217.0,0.0,60.0
415,pizzas_carried,dom_w_deg,indomain_split,0.780197,22.2385,4.0,4911.0,3667.0,6757934.0,27319.0,13656.0,0.0,70.0
416,pizzas_carried,dom_w_deg,indomain_split_random,0.782492,34.8021,4.0,4911.0,3667.0,13581061.0,64687.0,32337.0,0.0,69.0
417,pizzas_carried,first_fail,indomain,0.782788,26.3292,3.0,4911.0,3667.0,9049276.0,39546.0,21733.0,0.0,58.0
418,pizzas_carried,first_fail,indomain_max,0.788738,82.7464,4.0,4911.0,3667.0,26450691.0,136034.0,68010.0,0.0,62.0
419,pizzas_carried,first_fail,indomain_median,0.78049,19.6408,2.0,4911.0,3667.0,6101793.0,28811.0,14404.0,0.0,70.0
420,pizzas_carried,first_fail,indomain_min,0.792776,25.8667,3.0,4911.0,3667.0,8388584.0,38363.0,19177.0,0.0,75.0
421,pizzas_carried,first_fail,indomain_random,0.782514,42.0353,4.0,4911.0,3667.0,12402113.0,61949.0,30971.0,0.0,68.0
422,pizzas_carried,first_fail,indomain_reverse_split,0.784292,57.2894,4.0,4911.0,3667.0,17597243.0,88992.0,44489.0,0.0,62.0
423,pizzas_carried,first_fail,indomain_split,0.790134,25.5466,3.0,4911.0,3667.0,8383042.0,38371.0,19183.0,0.0,68.0
424,pizzas_carried,first_fail,indomain_split_random,0.777909,25.7708,3.0,4911.0,3667.0,8388930.0,38363.0,19177.0,0.0,75.0
425,pizzas_carried,impact,indomain,0.791422,29.7236,3.0,4911.0,3667.0,9144988.0,33592.0,18899.0,0.0,59.0
426,pizzas_carried,impact,indomain_max,0.777502,60.4191,4.0,4911.0,3667.0,19107675.0,84343.0,42166.0,0.0,53.0
427,pizzas_carried,impact,indomain_median,0.786387,20.3195,2.0,4911.0,3667.0,7299659.0,28975.0,14486.0,0.0,78.0
428,pizzas_carried,impact,indomain_min,0.779531,26.6963,3.0,4911.0,3667.0,8162719.0,31499.0,15747.0,0.0,80.0
429,pizzas_carried,impact,indomain_random,0.781663,31.3148,5.0,4911.0,3667.0,10836323.0,43328.0,21639.0,0.0,65.0
430,pizzas_carried,impact,indomain_reverse_split,0.787914,60.7304,5.0,4911.0,3667.0,22841812.0,107129.0,53552.0,0.0,58.0
431,pizzas_carried,impact,indomain_split,0.785967,26.4405,3.0,4911.0,3667.0,8550311.0,33795.0,16895.0,0.0,65.0
432,pizzas_carried,impact,indomain_split_random,0.778859,26.7739,3.0,4911.0,3667.0,8162719.0,31499.0,15747.0,0.0,80.0
433,pizzas_carried,input_order,indomain,0.781866,29.8288,3.0,4911.0,3667.0,9144988.0,33592.0,18899.0,0.0,59.0
434,pizzas_carried,input_order,indomain_max,0.806284,60.4248,4.0,4911.0,3667.0,19107675.0,84343.0,42166.0,0.0,53.0
435,pizzas_carried,input_order,indomain_median,0.802402,20.7044,2.0,4911.0,3667.0,7299659.0,28975.0,14486.0,0.0,78.0
436,pizzas_carried,input_order,indomain_min,0.778748,26.4746,3.0,4911.0,3667.0,8162719.0,31499.0,15747.0,0.0,80.0
437,pizzas_carried,input_order,indomain_random,0.795038,30.9517,5.0,4911.0,3667.0,10836323.0,43328.0,21639.0,0.0,65.0
438,pizzas_carried,input_order,indomain_reverse_split,0.790501,60.4681,5.0,4911.0,3667.0,22839916.0,107129.0,53552.0,0.0,58.0
439,pizzas_carried,input_order,indomain_split,0.790614,26.3677,3.0,4911.0,3667.0,8550311.0,33795.0,16895.0,0.0,65.0
440,pizzas_carried,input_order,indomain_split_random,0.779873,26.6558,3.0,4911.0,3667.0,8163051.0,31499.0,15747.0,0.0,80.0
441,pizzas_carried,largest,indomain,0.784767,34.8559,3.0,4911.0,3667.0,12204906.0,50593.0,33770.0,0.0,59.0
442,pizzas_carried,largest,indomain_max,0.779728,49.9338,5.0,4911.0,3667.0,19318392.0,80837.0,40406.0,0.0,55.0
443,pizzas_carried,largest,indomain_median,0.774436,32.494,2.0,4911.0,3667.0,13775914.0,64465.0,32231.0,0.0,66.0
444,pizzas_carried,largest,indomain_min,0.781076,32.8222,3.0,4911.0,3667.0,12007566.0,48169.0,24082.0,0.0,85.0
445,pizzas_carried,largest,indomain_random,0.86322,33.2518,7.0,4911.0,3667.0,13186457.0,57229.0,28595.0,0.0,72.0
446,pizzas_carried,largest,indomain_reverse_split,0.778663,58.431,8.0,4911.0,3667.0,18422520.0,76595.0,38282.0,0.0,56.0
447,pizzas_carried,largest,indomain_split,0.77466,30.3427,3.0,4911.0,3667.0,9698795.0,35864.0,17928.0,0.0,66.0
448,pizzas_carried,largest,indomain_split_random,0.782619,32.7143,3.0,4911.0,3667.0,12007566.0,48169.0,24082.0,0.0,85.0
449,pizzas_carried,max_regret,indomain,0.779708,29.6764,3.0,4911.0,3667.0,9144988.0,33592.0,18899.0,0.0,59.0
450,pizzas_carried,max_regret,indomain_max,0.779628,60.2866,4.0,4911.0,3667.0,19107675.0,84343.0,42166.0,0.0,53.0
451,pizzas_carried,max_regret,indomain_median,0.791112,20.6471,2.0,4911.0,3667.0,7299659.0,28975.0,14486.0,0.0,78.0
452,pizzas_carried,max_regret,indomain_min,0.787726,26.5052,3.0,4911.0,3667.0,8162719.0,31499.0,15747.0,0.0,80.0
453,pizzas_carried,max_regret,indomain_random,0.777913,31.7148,5.0,4911.0,3667.0,10836323.0,43328.0,21639.0,0.0,65.0
454,pizzas_carried,max_regret,indomain_reverse_split,0.771447,60.0566,5.0,4911.0,3667.0,22839916.0,107129.0,53552.0,0.0,58.0
455,pizzas_carried,max_regret,indomain_split,0.776382,26.4172,3.0,4911.0,3667.0,8550311.0,33795.0,16895.0,0.0,65.0
456,pizzas_carried,max_regret,indomain_split_random,0.779667,26.752,3.0,4911.0,3667.0,8163051.0,31499.0,15747.0,0.0,80.0
457,pizzas_carried,most_constrained,indomain,0.783916,26.059,3.0,4911.0,3667.0,9049276.0,39546.0,21733.0,0.0,58.0
458,pizzas_carried,most_constrained,indomain_max,0.815729,82.9796,4.0,4911.0,3667.0,26450691.0,136034.0,68010.0,0.0,62.0
459,pizzas_carried,most_constrained,indomain_median,0.791619,19.9606,2.0,4911.0,3667.0,6102456.0,28811.0,14404.0,0.0,70.0
460,pizzas_carried,most_constrained,indomain_min,0.796901,25.9088,3.0,4911.0,3667.0,8377738.0,38345.0,19168.0,0.0,75.0
461,pizzas_carried,most_constrained,indomain_random,0.781201,41.754,4.0,4911.0,3667.0,12402568.0,61949.0,30971.0,0.0,68.0
462,pizzas_carried,most_constrained,indomain_reverse_split,0.779456,53.7742,7.0,4911.0,3667.0,17519856.0,86623.0,43291.0,0.0,60.0
463,pizzas_carried,most_constrained,indomain_split,0.781162,25.4982,3.0,4911.0,3667.0,8378485.0,38371.0,19183.0,0.0,68.0
464,pizzas_carried,most_constrained,indomain_split_random,0.78861,25.6894,3.0,4911.0,3667.0,8378084.0,38345.0,19168.0,0.0,75.0
465,pizzas_carried,occurrence,indomain,0.778954,29.7502,3.0,4911.0,3667.0,9144988.0,33592.0,18899.0,0.0,59.0
466,pizzas_carried,occurrence,indomain_max,0.776634,60.0652,4.0,4911.0,3667.0,19107675.0,84343.0,42166.0,0.0,53.0
467,pizzas_carried,occurrence,indomain_median,0.77967,20.5766,2.0,4911.0,3667.0,7299659.0,28975.0,14486.0,0.0,78.0
468,pizzas_carried,occurrence,indomain_min,0.784066,26.5726,3.0,4911.0,3667.0,8162719.0,31499.0,15747.0,0.0,80.0
469,pizzas_carried,occurrence,indomain_random,0.781169,30.8574,5.0,4911.0,3667.0,10836323.0,43328.0,21639.0,0.0,65.0
470,pizzas_carried,occurrence,indomain_reverse_split,0.783137,60.4897,5.0,4911.0,3667.0,22842404.0,107129.0,53552.0,0.0,58.0
471,pizzas_carried,occurrence,indomain_split,0.781104,26.479,3.0,4911.0,3667.0,8550311.0,33795.0,16895.0,0.0,65.0
472,pizzas_carried,occurrence,indomain_split_random,0.777099,26.4246,3.0,4911.0,3667.0,8163051.0,31499.0,15747.0,0.0,80.0
473,pizzas_carried,smallest,indomain,0.779022,30.4099,3.0,4911.0,3667.0,9238576.0,33108.0,18607.0,0.0,59.0
474,pizzas_carried,smallest,indomain_max,0.779958,52.6891,6.0,4911.0,3667.0,16827710.0,72565.0,36269.0,0.0,58.0
475,pizzas_carried,smallest,indomain_median,0.780195,21.8867,2.0,4911.0,3667.0,7271013.0,27733.0,13865.0,0.0,78.0
476,pizzas_carried,smallest,indomain_min,0.775236,48.2143,8.0,4911.0,3667.0,17192562.0,93897.0,46941.0,0.0,63.0
477,pizzas_carried,smallest,indomain_random,0.781583,34.1006,3.0,4911.0,3667.0,9911885.0,41375.0,20681.0,0.0,59.0
478,pizzas_carried,smallest,indomain_reverse_split,0.780916,27.9778,5.0,4911.0,3667.0,8443586.0,36344.0,18161.0,0.0,54.0
479,pizzas_carried,smallest,indomain_split,0.782991,17.1076,3.0,4911.0,3667.0,5108441.0,19822.0,9897.0,0.0,69.0
480,pizzas_carried,smallest,indomain_split_random,0.789097,48.3943,8.0,4911.0,3667.0,17192562.0,93897.0,46941.0,0.0,63.0
